ID,FID,MiFID
1,95.92529930157046,0.40889978408813477
